SMILES,Esol,Ered,ester
COC(C)=Cc1ccc(C(C)C)c2c(=O)c(-c3ccccc3)coc12,-0.48,0.95,0
CCC(C)C(C)c1ccc(C)c2oc(C)c(-c3ccccc3)c(=O)c12,-0.26,0.84,0
CCCOCCOc1oc2ccccc2c(=O)c1-c1ccccc1,-0.47,0.87,0
CC(C)CC=Cc1cccc2occ(-c3ccccc3)c(=O)c12,-0.29,1.1,0
CCC(=O)Oc1oc2c(CC)cccc2c(=O)c1-c1ccccc1C,-0.38,1.06,1
O=c1c(-c2ccccc2Oc2ccccc2)coc2ccccc12,-0.34,1.12,0
CCCCC=Cc1cccc2c(=O)c(-c3ccccc3OC)coc12,-0.35,1.16,0
Cc1ccccc1-c1coc2c(C)ccc(C(C(C)C)(C(C)C)C(C)C)c2c1=O,-0.21,0.9,0
CCCC(c1ccc(C)c2c(=O)c(-c3ccccc3)c(C)oc12)C(C)C,-0.28,0.77,0
CCCCc1ccccc1-c1coc2c(CCCC)ccc(CCCC)c2c1=O,-0.27,0.92,0
COCc1ccc(C(C)=COC(C)C)c2c(=O)c(-c3ccccc3)coc12,-0.38,0.98,0
CCOCCOc1oc2ccccc2c(=O)c1-c1ccccc1,-0.48,0.88,0
COCCOc1oc2ccccc2c(=O)c1-c1ccccc1,-0.43,0.88,0
CCOCc1cccc2occ(-c3ccccc3C=C(C)OC)c(=O)c12,-0.41,0.97,0
CCOCCOc1oc2cccc(CC)c2c(=O)c1-c1ccccc1,-0.4,0.77,0
CC(C)OCCOc1oc2ccccc2c(=O)c1-c1ccccc1,-0.49,0.87,0
CCc1ccc(C(C)C(C)C)c2c(=O)c(-c3ccccc3)c(C)oc12,-0.26,0.81,0
CCCOc1oc2ccccc2c(=O)c1-c1ccccc1OCC,-0.46,0.83,0
CCCCOc1oc2cccc(CC)c2c(=O)c1-c1ccccc1C(C)CC,-0.35,0.7,0
CCCOc1oc2c(OCC)cccc2c(=O)c1-c1ccccc1,-0.45,0.77,0
CCCCOc1cccc2c(=O)c(-c3ccccc3)c(OC(C)C)oc12,-0.45,0.79,0
CCCOc1oc2cccc(OC(C)C)c2c(=O)c1-c1ccccc1C,-0.41,0.78,0
CCCc1ccccc1-c1c(OCC)oc2cccc(OC(C)C)c2c1=O,-0.5,0.65,0
CCCOc1oc2cccc(CC)c2c(=O)c1-c1ccccc1CCC(C)C,-0.35,0.71,0
CCC(C)c1oc2c(OCCOC)cccc2c(=O)c1-c1ccccc1,-0.46,0.92,0
CCCCc1ccccc1-c1c(CCC)oc2c(CC)ccc(CCC)c2c1=O,-0.27,0.8,0
CCCCOc1oc2cccc(C(C)C)c2c(=O)c1-c1ccccc1OC(C)=O,-0.49,0.78,1
CCC(C)C(c1cccc2occ(-c3ccccc3C)c(=O)c12)(C(C)C)C(C)C,-0.21,0.95,0
CCCc1oc2c(C)ccc(C(C)(CC)CCC)c2c(=O)c1-c1ccccc1C,-0.24,0.78,0
CCCCOc1cccc2oc(OC(C)CC)c(-c3ccccc3)c(=O)c12,-0.41,0.78,0
CCCC(=O)Oc1ccccc1-c1c(OC)oc2cccc(CC)c2c1=O,-0.49,0.77,1
CCCCCc1oc2c(CCCCC)ccc(CC)c2c(=O)c1-c1ccccc1,-0.28,0.8,0
CCCc1ccccc1-c1c(OCC)oc2cccc(CC)c2c1=O,-0.35,0.72,0
CCc1ccccc1-c1c(OC(C)CC)oc2cccc(CC)c2c1=O,-0.37,0.69,0
CCOc1ccccc1-c1c(OC)oc2c(C(C)CC)cccc2c1=O,-0.49,0.78,0
CCC(C)c1cccc2occ(-c3ccccc3OC(=O)CCOC)c(=O)c12,-0.45,0.99,1
CCCCc1cccc2oc(OCCC)c(-c3ccccc3C)c(=O)c12,-0.36,0.71,0
CCCCOc1oc2ccccc2c(=O)c1-c1ccccc1CCCC,-0.4,0.85,0
CCCCc1ccccc1-c1c(OC(C)C)oc2cccc(CCC)c2c1=O,-0.37,0.69,0
CCc1cccc2c(=O)c(-c3ccccc3OC(C)=O)c(OCCOC)oc12,-0.65,0.83,1
CCOCCCc1cccc2oc(OC(C)C)c(-c3ccccc3)c(=O)c12,-0.42,0.73,0
CCC(C)OCc1cccc2c(=O)c(-c3ccccc3C)c(OC(C)C)oc12,-0.49,0.89,0
CCCc1ccccc1-c1c(OC(C)C)oc2cccc(CC)c2c1=O,-0.36,0.71,0
CCCCc1ccc(CC)c2oc(OCC)c(-c3ccccc3)c(=O)c12,-0.35,0.71,0
CCc1cccc2c(=O)c(-c3ccccc3OC(C)=O)c(OC)oc12,-0.53,0.86,1
CCCCCc1cccc2oc(OC)c(-c3ccccc3CCCC)c(=O)c12,-0.36,0.71,0
CCCCc1ccccc1-c1c(OC(C)C)oc2cccc(CC)c2c1=O,-0.36,0.69,0
CCCCCc1ccc(CCCC)c2c(=O)c(-c3ccccc3)c(OC)oc12,-0.36,0.7,0
CCCCc1ccccc1-c1c(OC)oc2cccc(CCCC)c2c1=O,-0.36,0.73,0
CCCCOc1oc2c(CCCC)ccc(CCC)c2c(=O)c1-c1ccccc1,-0.34,0.67,0
CCCc1cccc2c(=O)c(-c3ccccc3C)c(OCCOC)oc12,-0.45,0.8,0
CCCCc1ccc(CCC(C)C)c2oc(OC)c(-c3ccccc3)c(=O)c12,-0.37,0.66,0
CCc1cccc2oc(OCCOc3ccccc3)c(-c3ccccc3)c(=O)c12,-0.41,0.81,0
CCCCOc1ccc(CCC)c2c(=O)c(-c3ccccc3CC(C)C)coc12,-0.33,0.9,0
CCCCc1ccc(CCC(C)C)c2oc(OCC)c(-c3ccccc3)c(=O)c12,-0.36,0.65,0
CCCc1ccc(OCC(C)C)c2c(=O)c(-c3ccccc3CC(C)C)coc12,-0.32,0.94,0
CCCCCc1ccc(OCC)c2oc(OCC)c(-c3ccccc3)c(=O)c12,-0.4,0.67,0
CCCC=C(c1ccc(CC)c2oc(OC)c(-c3ccccc3)c(=O)c12)C(C)C,-0.38,0.76,0
CCc1cccc2c(=O)c(-c3ccccc3OC(=O)C(C)CC)c(OC)oc12,-0.56,0.82,1
CCOc1oc2c(CC)ccc(C)c2c(=O)c1-c1ccccc1OC(C)=O,-0.53,0.7,1
