SMILES,Esol,Eoxi
CCCC(F)c1cccc2c(=O)c(CC)c(-c3ccccc3)oc12,-0.3,5.17
CC(C)c1cccc2c(=O)c(S(=O)(=O)F)c(-c3ccccc3)oc12,-0.47,5.64
COCCc1ccccc1-c1oc2ccccc2c(=O)c1F,-0.42,5.32
CCS(=O)(=O)c1c(-c2ccccc2)oc2c([N+](=O)[O-])cccc2c1=O,-0.61,5.75
CSC(=O)c1ccc([N+](=O)[O-])c2oc(-c3ccccc3)cc(=O)c12,-0.51,5.49
Cc1ccccc1-c1oc2cccc(C)c2c(=O)c1S(=O)(=O)[N+](=O)[O-],-0.46,5.67
O=c1cc(-c2ccccc2)oc2cccc(C(F)(F)[N+](=O)[O-])c12,-0.44,5.39
O=CC(C=O)c1ccc([N+](=O)[O-])c2oc(-c3ccccc3)cc(=O)c12,-0.57,5.49
CCCCOCCOc1ccccc1-c1cc(=O)c2ccccc2o1,-0.52,4.99
CS(=O)(=O)c1c(-c2ccccc2)oc2cccc(S(C)(=O)=O)c2c1=O,-0.75,5.81
CS(=O)(=O)c1c(-c2ccccc2)oc2c(S(C)(=O)=O)ccc(S(C)(=O)=O)c2c1=O,-1,5.86
CS(=O)(=O)c1ccc(S(C)(=O)=O)c2c(=O)c(S(=O)(=O)F)c(-c3ccccc3)oc12,-0.97,6.07
CS(=O)(=O)c1c(-c2ccccc2)oc2c(S(=O)(=O)F)ccc(S(C)(=O)=O)c2c1=O,-0.8,5.84
CS(=O)(=O)c1c(-c2ccccc2F)oc2cccc(S(C)(=O)=O)c2c1=O,-0.83,5.81
Cc1c(-c2ccccc2)oc2c(C(C)S(=O)(=O)N(C)C)ccc(F)c2c1=O,-0.54,5.18
Cc1cccc2oc(-c3ccccc3)c(C(C)(O[N+](=O)[O-])C(C)C)c(=O)c12,-0.35,5.25
CC(=O)c1c(-c2ccccc2)oc2c(C(=O)SC(C)C)cccc2c1=O,-0.45,5.47
CCCc1ccccc1-c1oc2cccc(S(=O)(=O)N(C)C)c2c(=O)c1C,-0.49,4.9
CCC(C)Cc1cccc2c(=O)c(S(=O)(=O)CC)c(-c3ccccc3)oc12,-0.57,5.52
CCC(=O)c1ccccc1-c1cc(=O)c2cccc(C(C)(C(C)C)C(C)C)c2o1,-0.45,5.23
CCCc1ccc(CCOC(C)C)c2oc(-c3ccccc3)cc(=O)c12,-0.37,5.02
CS(=O)(=O)c1ccccc1-c1oc2c(S(C)(=O)=O)cccc2c(=O)c1S(=O)(=O)F,-1,6.22
CC(=O)c1ccccc1-c1oc2c(F)ccc(S(C)(=O)=O)c2c(=O)c1S(C)(=O)=O,-0.87,5.84
CCCc1cccc2oc(-c3ccccc3C(=O)OCC(C)C)cc(=O)c12,-0.36,5.26
CCCc1ccccc1-c1cc(=O)c2c(C)cccc2o1,-0.27,5.2
CC(C)SC(=O)c1cccc2c(=O)c(C(=O)C(C)C)c(-c3ccccc3)oc12,-0.44,5.48
CCC(c1ccc(C(=O)O[N+](=O)[O-])c2c(=O)cc(-c3ccccc3)oc12)[N+](=O)[O-],-0.58,5.48
CC(C)c1cccc2oc(-c3ccccc3)c(C(C)(C)C(C)C)c(=O)c12,-0.19,5
CC(C)Oc1ccc(S(=O)(=O)N(C)C)c2oc(-c3ccccc3)cc(=O)c12,-0.6,5.14
CCc1cccc2c(=O)c(S(=O)(=O)[N+](=O)[O-])c(-c3ccccc3S(C)(=O)=O)oc12,-0.81,5.77
CS(=O)(=O)c1ccccc1-c1oc2c(S(C)(=O)=O)cccc2c(=O)c1S(C)(=O)=O,-0.94,6.14
CCC(C)C(=O)c1ccc(C(C)CC)c2oc(-c3ccccc3)cc(=O)c12,-0.43,5.29
O=C(F)c1ccccc1-c1cc(=O)c2c(C(=O)[N+](=O)[O-])cccc2o1,-0.62,5.84
CCc1c(-c2ccccc2C(=O)C(C)C)oc2c(C(=O)F)cccc2c1=O,-0.45,5.56
CCOc1ccccc1-c1oc2cccc(C)c2c(=O)c1CC,-0.29,4.93
COS(=O)(=O)c1c(-c2ccccc2)oc2cccc(S(=O)(=O)CC(C)C)c2c1=O,-0.81,5.84
COSC(=O)c1cccc2c(=O)c(C(=O)[N+](=O)[O-])c(-c3ccccc3)oc12,-0.57,5.9
CCS(=O)(=O)c1cccc2c(=O)cc(-c3ccccc3SF)oc12,-0.6,5.16
CCCC(CC(C)C)c1cccc2oc(-c3ccccc3[N+](=O)[O-])cc(=O)c12,-0.41,5.27
CC(C)C(=O)c1ccccc1-c1cc(=O)c2cccc(S[N+](=O)[O-])c2o1,-0.53,5.65
CS(=O)(=O)c1ccccc1-c1oc2cccc(S(C)(=O)=O)c2c(=O)c1S(C)(=O)=O,-1.07,6.06
CS(=O)(=O)c1c(-c2ccccc2S(=O)(=O)F)oc2c(S(C)(=O)=O)cccc2c1=O,-0.91,6.18
CS(=O)(=O)c1ccccc1-c1oc2c(S(=O)(=O)F)cccc2c(=O)c1S(C)(=O)=O,-0.85,6.26
CCS(=O)(=O)c1cccc2oc(-c3ccccc3S(=O)(=O)[N+](=O)[O-])cc(=O)c12,-0.89,5.68
CCc1c(-c2ccccc2)oc2c(C(=O)SC)ccc(S(=O)(=O)CC)c2c1=O,-0.73,5.28
CC(C)CC(C)(C)c1ccccc1-c1cc(=O)c2cccc(F)c2o1,-0.31,5.43
CC(C)c1ccc([N+](=O)[O-])c2c(=O)cc(-c3ccccc3C(=O)F)oc12,-0.6,5.7
CN(C)S(=O)(=O)C(=O)c1c(-c2ccccc2)oc2cccc(C(F)F)c2c1=O,-0.63,4.73
CC(C)c1ccccc1-c1cc(=O)c2c(C(C)S(=O)(=O)N(C)C)cccc2o1,-0.56,5.3
CC(=O)c1c(-c2ccccc2)oc2c(SO[N+](=O)[O-])ccc(C(C)=O)c2c1=O,-0.55,5.33
CS(=O)(=O)c1ccccc1-c1cc(=O)c2c(S(C)(=O)=O)ccc(S(C)(=O)=O)c2o1,-1.32,5.82
CS(=O)(=O)c1ccccc1-c1oc2c(C(=O)F)cccc2c(=O)c1S(C)(=O)=O,-0.79,6.13
CS(=O)(=O)c1ccccc1-c1cc(=O)c2c(S(C)(=O)=O)ccc(S(=O)(=O)F)c2o1,-0.89,5.99
COC(=O)c1c(-c2ccccc2S(C)(=O)=O)oc2c(S(C)(=O)=O)cccc2c1=O,-0.78,5.95
CS(=O)(=O)c1ccccc1-c1oc2cccc(S(C)(=O)=O)c2c(=O)c1S(=O)(=O)F,-1.26,6.23
CCS(=O)(=O)c1c(-c2ccccc2S(C)(=O)=O)oc2c(C(=O)F)cccc2c1=O,-0.79,6.13
CCC(=O)c1ccc(S(=O)(=O)CC)c2oc(-c3ccccc3)cc(=O)c12,-0.63,5.46
CCC(C)C(C)(CC)c1ccccc1-c1cc(=O)c2cccc(F)c2o1,-0.31,5.46
O=C(SF)c1ccc(S(=O)(=O)F)c2c(=O)cc(-c3ccccc3F)oc12,-0.6,5.63
CCc1ccccc1-c1cc(=O)c2c(C(=O)F)ccc([N+](=O)[O-])c2o1,-0.51,5.59
CS(=O)(=O)c1ccc(S(C)(=O)=O)c2c(=O)cc(-c3ccccc3S(=O)(=O)F)oc12,-1.08,5.87
CS(=O)(=O)c1ccccc1-c1oc2c(S(C)(=O)=O)cccc2c(=O)c1C(=O)F,-0.91,6.09
CS(=O)(=O)c1c(-c2ccccc2S(=O)(=O)F)oc2cccc(S(C)(=O)=O)c2c1=O,-1.09,6.12
CS(=O)(=O)c1c(-c2ccccc2C(=O)F)oc2c(S(C)(=O)=O)cccc2c1=O,-0.92,6.11
CC(C)CC(=O)c1ccc(C[N+](=O)[O-])c2c(=O)cc(-c3ccccc3)oc12,-0.57,5.41
CC(C)c1c(-c2ccccc2)oc2c([N+](=O)[O-])ccc(C(=O)F)c2c1=O,-0.47,5.46
CC(c1ccc(F)c2oc(-c3ccccc3C(=O)F)cc(=O)c12)[N+](=O)[O-],-0.52,5.63
CC(=O)c1ccccc1-c1oc2c(C(=O)C(C)C)cccc2c(=O)c1C,-0.53,5.37
CCCCc1ccc(C(C)=O)c2oc(-c3ccccc3S(=O)(=O)CC)cc(=O)c12,-0.68,5.41
CCC(C)C(=O)c1cccc2oc(-c3ccccc3F)c(F)c(=O)c12,-0.45,5.45
CS(=O)(=O)c1ccccc1-c1oc2cccc(S(=O)(=O)F)c2c(=O)c1S(C)(=O)=O,-1.02,6.17
CS(=O)(=O)c1ccccc1-c1cc(=O)c2c(S(=O)(=O)F)ccc(S(C)(=O)=O)c2o1,-0.8,6.14
CCS(=O)(=O)c1ccccc1-c1oc2c(C(=O)F)cccc2c(=O)c1S(C)(=O)=O,-0.61,5.45
CCCS(=O)(=O)c1ccccc1-c1cc(=O)c2cccc(C(F)(CC)CC)c2o1,-0.5,5.46
CCCC(C)(CCOC)c1ccccc1-c1cc(=O)c2c(C(=O)F)cccc2o1,-0.54,5.09
CC(=O)c1ccc(C(C)C)c2oc(-c3ccccc3)c(S(=O)(=O)N(C)C)c(=O)c12,-0.49,5.47
CCCc1ccccc1-c1cc(=O)c2c(C(=O)SC)ccc(C(=O)F)c2o1,-0.65,5.58
CC(C)c1ccccc1-c1oc2c(S(=O)(=O)F)cccc2c(=O)c1S(C)(=O)=O,-0.68,5.66
CCCS(=O)(=O)c1cccc2oc(-c3ccccc3)c(C(C)(C)[N+](=O)[O-])c(=O)c12,-0.79,5.55
Cc1ccc(C(C=O)[N+](=O)[O-])c2oc(-c3ccccc3S(C)(=O)=O)cc(=O)c12,-1.04,5.91
CS(=O)(=O)c1ccccc1-c1cc(=O)c2c(S(C)(=O)=O)ccc(C[N+](=O)[O-])c2o1,-0.95,5.82
CS(=O)(=O)c1ccccc1-c1oc2cccc(C(=O)F)c2c(=O)c1S(C)(=O)=O,-0.92,6.11
CS(=O)(=O)c1c(-c2ccccc2)oc2c(S(C)(=O)=O)ccc(S(=O)(=O)F)c2c1=O,-1.1,5.94
CS(=O)(=O)c1ccccc1-c1cc(=O)c2c(S(C)(=O)=O)ccc(C(=O)F)c2o1,-0.83,5.93
CS(=O)(=O)c1ccccc1-c1oc2cccc(S(C)(=O)=O)c2c(=O)c1C(=O)F,-1.04,6.07
CS(=O)(=O)c1ccccc1-c1cc(=O)c2c(S(C)(=O)=O)ccc(S[N+](=O)[O-])c2o1,-1.19,5.83
CS(=O)(=O)c1ccccc1-c1oc2cccc(S(C)(=O)=O)c2c(=O)c1S[N+](=O)[O-],-1.11,5.73
CCS(=O)(=O)c1ccccc1-c1oc2c(S(C)(=O)=O)cccc2c(=O)c1C(=O)F,-0.96,6.03
CC(C)(C)c1ccccc1-c1cc(=O)c2c(S(=O)(=O)[N+](=O)[O-])cccc2o1,-0.6,5.59
CS(=O)(=O)c1ccccc1-c1cc(=O)c2c(C(=O)F)ccc(S(C)(=O)=O)c2o1,-0.88,5.9
CS(=O)(=O)c1ccccc1-c1oc2cccc(C(=O)SF)c2c(=O)c1S(C)(=O)=O,-0.8,5.73
CCS(=O)(=O)c1c(-c2ccccc2S(C)(=O)=O)oc2cccc(C(=O)F)c2c1=O,-0.79,6.08
CS(=O)(=O)c1ccccc1-c1oc2c(S(C)(=O)=O)cccc2c(=O)c1C(=O)SF,-0.88,6.08
CS(=O)(=O)c1ccccc1-c1cc(=O)c2c(C(=O)SF)ccc(S(C)(=O)=O)c2o1,-0.94,5.65
CS(=O)(=O)c1ccccc1-c1oc2c(C(=O)SF)cccc2c(=O)c1S(C)(=O)=O,-0.78,6.02
CS(=O)(=O)c1ccccc1-c1oc2c(F)ccc(S(C)(=O)=O)c2c(=O)c1C(=O)F,-0.91,6.13
CS(=O)(=O)c1c(-c2ccccc2C(=O)F)oc2cccc(S(C)(=O)=O)c2c1=O,-0.98,6.1
CS(=O)(=O)c1c(-c2ccccc2S[N+](=O)[O-])oc2cccc(S(C)(=O)=O)c2c1=O,-0.82,6.12
CS(=O)(=O)c1ccc(S(C)(=O)=O)c2c(=O)c(C(=O)F)c(-c3ccccc3F)oc12,-1.11,5.98
CCS(=O)(=O)c1ccccc1-c1oc2cccc(S(C)(=O)=O)c2c(=O)c1C(=O)F,-0.9,6.08
CS(=O)(=O)c1ccccc1-c1oc2cccc([N+](=O)[O-])c2c(=O)c1S(C)(=O)=O,-0.85,6.13
CS(=O)(=O)c1ccccc1-c1cc(=O)c2c(C[N+](=O)[O-])ccc(S(C)(=O)=O)c2o1,-0.94,5.69
CS(=O)(=O)c1ccccc1-c1oc2c(C[N+](=O)[O-])cccc2c(=O)c1S(C)(=O)=O,-0.85,5.91
CS(=O)(=O)c1ccc(S(C)(=O)=O)c2c(=O)c([N+](=O)[O-])c(-c3ccccc3F)oc12,-0.99,6.06
CS(=O)(=O)c1ccccc1-c1oc2c(S(C)(=O)=O)cccc2c(=O)c1S[N+](=O)[O-],-0.97,5.81
CS(=O)(=O)c1ccccc1-c1oc2c(S(C)(=O)=O)ccc([N+](=O)[O-])c2c(=O)c1F,-1.08,5.85
CS(=O)(=O)c1c(-c2ccccc2)oc2c(S(C)(=O)=O)ccc(C(=O)F)c2c1=O,-0.83,5.82
CS(=O)(=O)c1ccccc1-c1cc(=O)c2c([N+](=O)[O-])ccc(S(C)(=O)=O)c2o1,-1.09,5.95
CS(=O)(=O)c1ccccc1-c1oc2c(S[N+](=O)[O-])cccc2c(=O)c1S(C)(=O)=O,-0.87,5.89
CS(=O)(=O)c1ccccc1-c1oc2c([N+](=O)[O-])cccc2c(=O)c1S(C)(=O)=O,-0.82,6.17
